	x	y	row	col	dia	imageX	imageY	tissue	barcode
31x1	6375	30160	1	31	7.737581	282.0387	896.3453	True	AAAGTCTGTCGACCGG
33x1	6475	30160	1	33	7.737581	293.94266	896.33936	True	GTTTATCTACGGATAG
35x1	6575	30160	1	35	7.737581	305.84662	896.33344	True	CTCCAACCCATGCATT
37x1	6675	30160	1	37	7.737581	317.7506	896.32745	True	CGAGGTTAGGTCTAGC
39x1	6775	30160	1	39	7.737581	329.65457	896.32153	True	CAGACTGAGGCAGGGT
41x1	6875	30160	1	41	7.737581	341.55853	896.3156	True	GCGCATCACCACCCTA
43x1	6975	30160	1	43	7.737581	353.4625	896.30963	True	TCCACAAGGTCGGAGT
45x1	7075	30160	1	45	7.737581	365.3665	896.3037	True	CAGTGATAGTCCCACA
47x1	7175	30160	1	47	7.737581	377.27045	896.2978	True	GAAGAACTTAATCGTC
49x1	7275	30160	1	49	7.737581	389.1744	896.2918	True	TCTATAATCTAGAAGA
51x1	7375	30160	1	51	7.737581	401.07837	896.2859	True	CTGGGATCGGAATTCT
25x3	6075	30334	3	25	7.737581	246.31645	875.6502	True	GAGGATAGAGGCTGTG
27x3	6175	30334	3	27	7.737581	258.22043	875.6443	True	ATCGACGACGCAATTT
28x2	6225	30247	2	28	7.737581	264.17758	885.99774	True	ACAGTAAGATCTCTCA
29x3	6275	30334	3	29	7.737581	270.1244	875.6383	True	AGAGTCAAATTTGTCG
30x2	6325	30247	2	30	7.737581	276.08154	885.9918	True	TCTCCCGTTTGTGAAT
31x3	6375	30334	3	31	7.737581	282.02835	875.6324	True	AGCCGTAGTGTTTGTG
32x2	6425	30247	2	32	7.737581	287.9855	885.9859	True	ATCTCTCTAAGTCCCG
33x3	6475	30334	3	33	7.737581	293.9323	875.62646	True	ATCATCGAAGTTCCAC
34x2	6525	30247	2	34	7.737581	299.88947	885.9799	True	CAAAGGGCTAATAACA
35x3	6575	30334	3	35	7.737581	305.8363	875.6205	True	ATTGCCGGCAAACCTG
36x2	6625	30247	2	36	7.737581	311.79346	885.974	True	GGATTAGTTGTGTATG
37x3	6675	30334	3	37	7.737581	317.74026	875.61456	True	AGTGCTCAAGGGTCTC
38x2	6725	30247	2	38	7.737581	323.69742	885.9681	True	TAGCTGAGGAGAGCTG
39x3	6775	30334	3	39	7.737581	329.64423	875.60864	True	ATGGGCGGACTCTGAT
40x2	6825	30247	2	40	7.737581	335.60138	885.9621	True	TAACTATATTACCATC
41x3	6875	30334	3	41	7.737581	341.5482	875.60266	True	TTCCTGATAATTTACT
42x2	6925	30247	2	42	7.737581	347.50534	885.9562	True	CTCGTGGCGGTACGAC
43x3	6975	30334	3	43	7.737581	353.45218	875.59674	True	CATTAATGTCGCTGTC
44x2	7025	30247	2	44	7.737581	359.40933	885.95026	True	GGGAAGGTGTTATCTT
45x3	7075	30334	3	45	7.737581	365.35614	875.5908	True	TGTAAGGCAAGCCCGA
46x2	7125	30247	2	46	7.737581	371.3133	885.9443	True	CCACGTCGCGGCGTCT
47x3	7175	30334	3	47	7.737581	377.2601	875.58484	True	GGAATGGCCGGCTCAA
48x2	7225	30247	2	48	7.737581	383.21725	885.93835	True	GAAGTAGCATCCCGTC
49x3	7275	30334	3	49	7.737581	389.16406	875.5789	True	AGTGCTACCACTGGCT
50x2	7325	30247	2	50	7.737581	395.12122	885.9324	True	TAGAATCCTACGCGAG
51x3	7375	30334	3	51	7.737581	401.06805	875.573	True	TTAGTGAGGCATGATT
52x2	7425	30247	2	52	7.737581	407.0252	885.92645	True	TCCCTTTAGCACAACA
53x3	7475	30334	3	53	7.737581	412.97202	875.567	True	TCGACCATTATGAAAG
21x5	5875	30508	5	21	7.737581	222.49817	854.9492	True	GAGTATACACCTTACG
22x4	5925	30421	4	22	7.737581	228.45532	865.3027	True	AATGTGACTCCCAAGC
23x5	5975	30508	5	23	7.737581	234.40215	854.94324	True	GTCAGTACAGGAAAGG
24x4	6025	30421	4	24	7.737581	240.3593	865.29675	True	TCTCTTTGGTAAGCCG
25x5	6075	30508	5	25	7.737581	246.3061	854.9373	True	ATCGGGTCTAGGAATC
26x4	6125	30421	4	26	7.737581	252.26326	865.2908	True	AGCTGGTTACTTGTAT
27x5	6175	30508	5	27	7.737581	258.21008	854.9314	True	CCTAGTAACGAACTGG
28x4	6225	30421	4	28	7.737581	264.16724	865.28485	True	TGACTGAGGTAAACTC
29x5	6275	30508	5	29	7.737581	270.11404	854.9254	True	AAGTAATGATTAGATG
30x4	6325	30421	4	30	7.737581	276.0712	865.27893	True	GGGCGTTTACCCTCAA
31x5	6375	30508	5	31	7.737581	282.018	854.9195	True	ACCATTAATCCGTGGA
32x4	6425	30421	4	32	7.737581	287.97516	865.27295	True	TTGCGATTTCCATATG
33x5	6475	30508	5	33	7.737581	293.922	854.9136	True	TAATCTTCTGGATACC
34x4	6525	30421	4	34	7.737581	299.87915	865.267	True	TCGTAAAGCATGGTAA
35x5	6575	30508	5	35	7.737581	305.82596	854.9076	True	GTAGATCGTCTCTTAT
36x4	6625	30421	4	36	7.737581	311.7831	865.2611	True	CCTAAACGCAATAGAG
37x5	6675	30508	5	37	7.737581	317.72992	854.9017	True	CCCAGCGAAGTCTACG
38x4	6725	30421	4	38	7.737581	323.68707	865.2551	True	TCTACACAGACATCTG
39x5	6775	30508	5	39	7.737581	329.63388	854.89575	True	CGTTAGAAGGGAGTCG
40x4	6825	30421	4	40	7.737581	335.59103	865.2492	True	AGGCGGTAATGGTTCA
41x5	6875	30508	5	41	7.737581	341.53787	854.8898	True	CCGATGTAGTGACTCG
42x4	6925	30421	4	42	7.737581	347.49503	865.2433	True	GGGTATCGTCCCATGC
43x5	6975	30508	5	43	7.737581	353.44183	854.88385	True	CCGACCATGTATACGC
44x4	7025	30421	4	44	7.737581	359.399	865.2373	True	GGTCCTCTAACATGAA
45x5	7075	30508	5	45	7.737581	365.3458	854.87787	True	CACCTGTCATTGAGTG
46x4	7125	30421	4	46	7.737581	371.30295	865.2314	True	TCTCGAAATTGAAGTA
47x5	7175	30508	5	47	7.737581	377.24976	854.87195	True	TGAAACTTTGCGTTAC
48x4	7225	30421	4	48	7.737581	383.2069	865.22546	True	AGTGACCCGCCTATGG
49x5	7275	30508	5	49	7.737581	389.15375	854.866	True	GGCGGGTTCTAATGCA
50x4	7325	30421	4	50	7.737581	395.1109	865.2195	True	TAACGGTTTCCTCCAT
51x5	7375	30508	5	51	7.737581	401.0577	854.86005	True	GATAGTATCAATTGAG
52x4	7425	30421	4	52	7.737581	407.01486	865.21356	True	CGTCCTACAGAATAGG
53x5	7475	30508	5	53	7.737581	412.96167	854.8541	True	AGCCACATATGCTCGT
54x4	7525	30421	4	54	7.737581	418.91882	865.20764	True	GGTGGTTGCGATTCAG
55x5	7575	30508	5	55	7.737581	424.86563	854.8482	True	CCCAGTTCTACATTCG
56x4	7625	30421	4	56	7.737581	430.82278	865.20166	True	CCTACTGAGTCCATAT
19x7	5775	30682	7	19	7.737581	210.58386	834.24225	True	TTATTTCCAGTATCTT
20x6	5825	30595	6	20	7.737581	216.54102	844.5957	True	CCCATCCCTGCCGTAG
21x7	5875	30682	7	21	7.737581	222.48784	834.23627	True	CTGTAAGTCTTCTGCT
22x6	5925	30595	6	22	7.737581	228.44499	844.5898	True	AGCCATGCCGATGGGA
23x7	5975	30682	7	23	7.737581	234.3918	834.23035	True	TGATAGATGCCCTGTT
24x6	6025	30595	6	24	7.737581	240.34895	844.5838	True	ATACTATTGCGAGTCC
25x7	6075	30682	7	25	7.737581	246.29578	834.2244	True	CGCTCATTCTATAGAA
26x6	6125	30595	6	26	7.737581	252.25293	844.5779	True	CCCAGAGCTCCGGGTT
27x7	6175	30682	7	27	7.737581	258.19974	834.21844	True	AGGCTGGTGTTTCTTG
28x6	6225	30595	6	28	7.737581	264.1569	844.57196	True	TTAAGTACCGACGCTC
29x7	6275	30682	7	29	7.737581	270.1037	834.2125	True	ATGCATGAGGGTCAGG
30x6	6325	30595	6	30	7.737581	276.06085	844.566	True	TTCGTCTCTTTATAGC
31x7	6375	30682	7	31	7.737581	282.0077	834.2066	True	CAAAGACGGATAGGGT
32x6	6425	30595	6	32	7.737581	287.96484	844.56006	True	TTACTGCCGCTTCGAG
34x6	6525	30595	6	34	7.737581	299.8688	844.55414	True	CTAGGGATTTGCGGGT
36x6	6625	30595	6	36	7.737581	311.77277	844.54816	True	CCTTTCGCCGTCCTGA
46x6	7125	30595	6	46	7.737581	371.2926	844.5185	True	AACAATGAGGAACGAT
48x6	7225	30595	6	48	7.737581	383.1966	844.5125	True	GTGTACTGTTTGACAG
50x6	7325	30595	6	50	7.737581	395.10056	844.5066	True	CCTGTCAGAGTGGGAT
52x6	7425	30595	6	52	7.737581	407.00452	844.5007	True	AAGGTCAGTGCGAAAC
54x6	7525	30595	6	54	7.737581	418.90848	844.4947	True	GTTGATACCGGGTGCT
56x6	7625	30595	6	56	7.737581	430.81247	844.4888	True	TTCCCTGCAAACTAAC
17x9	5675	30856	9	17	7.737581	198.66956	813.5353	True	TAGCTTCCACGGAGGG
18x8	5725	30769	8	18	7.737581	204.62671	823.88873	True	GTAGCCAGACTGGAAC
19x9	5775	30856	9	19	7.737581	210.57353	813.5293	True	ATTCCTCTCGATACAC
20x8	5825	30769	8	20	7.737581	216.53069	823.8828	True	TCAAATCACCATTGTT
21x9	5875	30856	9	21	7.737581	222.4775	813.5234	True	ATAGGCTTAACTCCCG
22x8	5925	30769	8	22	7.737581	228.43465	823.8769	True	ACATCCGACTTTGGGT
23x9	5975	30856	9	23	7.737581	234.38147	813.51746	True	GGTTAACATTTGTTAT
24x8	6025	30769	8	24	7.737581	240.33862	823.8709	True	TGTGCCTCGCGGATAC
25x9	6075	30856	9	25	7.737581	246.28543	813.5115	True	AACTGGCGGCCTACCG
26x8	6125	30769	8	26	7.737581	252.24258	823.865	True	CGGCCGCAGAAGTATC
28x8	6225	30769	8	28	7.737581	264.14655	823.8591	True	CATCAAGCGCTACATA
15x11	5575	31030	11	15	7.737581	186.75525	792.8283	True	ACCTGCAAGTGGAGCG
16x10	5625	30943	10	16	7.737581	192.7124	803.18176	True	TCCCAGGTATGGACGC
17x11	5675	31030	11	17	7.737581	198.65921	792.8224	True	TACGGAACATCTGCAA
18x10	5725	30943	10	18	7.737581	204.61636	803.17584	True	GCTGTAGATGGGATTC
19x11	5775	31030	11	19	7.737581	210.56319	792.8164	True	GATGAGGAAATCTCAT
20x10	5825	30943	10	20	7.737581	216.52034	803.1699	True	GTTGCGCACTTTCACC
21x11	5875	31030	11	21	7.737581	222.46715	792.8105	True	GGATAGCTAGGATGAG
22x10	5925	30943	10	22	7.737581	228.42432	803.16394	True	AAGCTTCAACAAGTGG
23x11	5975	31030	11	23	7.737581	234.37112	792.8045	True	ACCGTTGGATATAGGG
24x10	6025	30943	10	24	7.737581	240.32828	803.158	True	TAGCTAGCTCATTCTA
13x13	5475	31204	13	13	7.737581	174.84094	772.12134	True	TAGCGAGAAGCCGTGA
14x12	5525	31117	12	14	7.737581	180.7981	782.4748	True	ATTCTTTAAAGCCCAT
15x13	5575	31204	13	15	7.737581	186.7449	772.1154	True	GTATATTGATCCGTTG
16x12	5625	31117	12	16	7.737581	192.70206	782.4689	True	TTCATCAGACTCCTCG
17x13	5675	31204	13	17	7.737581	198.64888	772.10944	True	ACCTGATATAGCGCGG
18x12	5725	31117	12	18	7.737581	204.60603	782.46295	True	AAAGCCTCAAGCGGCT
19x13	5775	31204	13	19	7.737581	210.55284	772.1035	True	ACCGTTAAATCATCCG
20x12	5825	31117	12	20	7.737581	216.51	782.457	True	GCTGCCACGTGTTTCG
22x12	5925	31117	12	22	7.737581	228.41397	782.45105	True	CGCCGGGACTGTCACT
11x15	5375	31378	15	11	7.737581	162.92664	751.41437	True	CAGTCTTTCTAAAGGC
12x14	5425	31291	14	12	7.737581	168.88379	761.7679	True	ATGCATGATAGGGACT
13x15	5475	31378	15	13	7.737581	174.8306	751.40845	True	GCGAAGACTTGCAAAT
14x14	5525	31291	14	14	7.737581	180.78775	761.7619	True	CCACTGGTCAGTCGCA
15x15	5575	31378	15	15	7.737581	186.73457	751.40247	True	GGGACCCTCCACTATC
16x14	5625	31291	14	16	7.737581	192.69173	761.756	True	CCGAAGACTCTGACGC
17x15	5675	31378	15	17	7.737581	198.63853	751.39655	True	TTCGCCCGGGCAGTAC
18x14	5725	31291	14	18	7.737581	204.59569	761.75	True	GCGCGATCAACTCATA
31x15	6375	31378	15	31	7.737581	281.96634	751.355	True	ACAATCGTGACGATTC
32x14	6425	31291	14	32	7.737581	287.9235	761.70844	True	CTGCTGAGTTGGTCAT
11x17	5375	31552	17	11	7.737581	162.91629	730.7015	True	TAATCCCGTGACTGGT
12x16	5425	31465	16	12	7.737581	168.87344	741.05493	True	CTTACAAGCTTCGCAG
13x17	5475	31552	17	13	7.737581	174.82027	730.6955	True	GCTTGCGTTTATCCAC
14x16	5525	31465	16	14	7.737581	180.77742	741.049	True	AATCATTGGAGCCAAC
15x17	5575	31552	17	15	7.737581	186.72423	730.6896	True	GTAAGCCCATATTTCG
16x16	5625	31465	16	16	7.737581	192.68138	741.0431	True	CGTCCTCAAGCAACTG
17x17	5675	31552	17	17	7.737581	198.6282	730.68365	True	ACTGCGCACCCGACCA
27x17	6175	31552	17	27	7.737581	258.14804	730.65393	True	GTTTGCTTTGACTCAA
28x16	6225	31465	16	28	7.737581	264.1052	741.00745	True	GGCATAACCAGATTCA
29x17	6275	31552	17	29	7.737581	270.05203	730.648	True	CTGTACCTTGACAGGC
30x16	6325	31465	16	30	7.737581	276.0092	741.00146	True	ATACCGCGTCGTCTCC
31x17	6375	31552	17	31	7.737581	281.956	730.642	True	AGTTCGACGCCTTTAT
32x16	6425	31465	16	32	7.737581	287.91315	740.99554	True	TTATCCGAAGGGACAG
11x19	5375	31726	19	11	7.737581	162.90596	709.9886	True	GCTGTATTATCACACC
12x18	5425	31639	18	12	7.737581	168.86311	720.34204	True	GCTAATAGCATAAAGC
13x19	5475	31726	19	13	7.737581	174.80992	709.9826	True	TTAGCTGGCCTACAGC
14x18	5525	31639	18	14	7.737581	180.76707	720.3361	True	AGATGCAGTTAGGCGC
15x19	5575	31726	19	15	7.737581	186.7139	709.9767	True	CTGTAGGCTTCCAGAA
16x18	5625	31639	18	16	7.737581	192.67105	720.33014	True	AATATTGTGGGATATT
17x19	5675	31726	19	17	7.737581	198.61786	709.97076	True	TATTAACCAACCTACT
21x19	5875	31726	19	21	7.737581	222.4258	709.95886	True	GAGCGTACGTTTAACC
23x19	5975	31726	19	23	7.737581	234.32977	709.9529	True	GGTGCGGTTCTTGAAG
24x18	6025	31639	18	24	7.737581	240.28693	720.3064	True	GCCCTTTGGACCGTCG
25x19	6075	31726	19	25	7.737581	246.23373	709.94696	True	CGCGGTACTGGTGCAT
26x18	6125	31639	18	26	7.737581	252.19089	720.3005	True	ACCGGAGAAGGTCGAC
27x19	6175	31726	19	27	7.737581	258.1377	709.94104	True	AGCTTGCTCTTGGGAA
28x18	6225	31639	18	28	7.737581	264.09485	720.2945	True	ACGAGAGTCCACGATC
29x19	6275	31726	19	29	7.737581	270.0417	709.93506	True	CGGATCGAGTACGTCG
30x18	6325	31639	18	30	7.737581	275.99884	720.2886	True	TTGCGATAGCTTCTTT
11x21	5375	31900	21	11	7.737581	162.89561	689.27563	True	CACGTACAAATAACAG
12x20	5425	31813	20	12	7.737581	168.85277	699.62915	True	TCACCTCTAGCTTGTA
13x21	5475	31900	21	13	7.737581	174.79959	689.2697	True	GTCCCTAAGTCAATCG
14x20	5525	31813	20	14	7.737581	180.75674	699.62317	True	GCCTGAAGGTCTAACG
15x21	5575	31900	21	15	7.737581	186.70355	689.2638	True	CAATCTAGTAACTATT
16x20	5625	31813	20	16	7.737581	192.6607	699.61725	True	ATTGGTTACCGGGTCC
17x21	5675	31900	21	17	7.737581	198.60753	689.2578	True	GATCCCATTGCGGATC
18x20	5725	31813	20	18	7.737581	204.56468	699.6113	True	CGTATCGAAGCGCAAC
19x21	5775	31900	21	19	7.737581	210.51149	689.2519	True	CTGATCTACCCTCCCA
20x20	5825	31813	20	20	7.737581	216.46864	699.60535	True	ACAGGCTGTCGGGAGT
21x21	5875	31900	21	21	7.737581	222.41547	689.246	True	CCGGAGTCCTTGTATT
22x20	5925	31813	20	22	7.737581	228.37262	699.5994	True	CGTTAACTCGTTAAAC
23x21	5975	31900	21	23	7.737581	234.31943	689.24	True	TCCGTTAGCTTATTAT
24x20	6025	31813	20	24	7.737581	240.27658	699.5935	True	CGTCGTTAGGCACGGG
25x21	6075	31900	21	25	7.737581	246.2234	689.2341	True	CTAAGATGATCAAATG
26x20	6125	31813	20	26	7.737581	252.18056	699.5875	True	AGCGCACTACCTTAAA
27x21	6175	31900	21	27	7.737581	258.12738	689.22815	True	TATCCCGCCCAGTTTG
28x20	6225	31813	20	28	7.737581	264.08453	699.5816	True	GTCAAACCCGGTTCAG
12x22	5425	31987	22	12	7.737581	168.84244	678.91626	True	AAGCAAGTAACAGTCG
13x23	5475	32074	23	13	7.737581	174.78925	668.5568	True	GCTCCTTCAAGTACAG
14x22	5525	31987	22	14	7.737581	180.7464	678.9103	True	TGGCGAAACCGGCAGC
15x23	5575	32074	23	15	7.737581	186.69322	668.55084	True	CACGCAAACCCGAGCT
16x22	5625	31987	22	16	7.737581	192.65038	678.90436	True	TAATGCGATATTAGCT
17x23	5675	32074	23	17	7.737581	198.59718	668.5449	True	AATGCAGTTGTAAATG
18x22	5725	31987	22	18	7.737581	204.55434	678.8984	True	GCTGTTCGTGGCAAGT
19x23	5775	32074	23	19	7.737581	210.50116	668.539	True	GTCACACCCTAACCTC
20x22	5825	31987	22	20	7.737581	216.45831	678.89246	True	TAACGTCACTGTCCCA
21x23	5875	32074	23	21	7.737581	222.40512	668.533	True	TCCATGACCACTGACC
22x22	5925	31987	22	22	7.737581	228.36227	678.88654	True	GGGACAACCCTTGATA
23x23	5975	32074	23	23	7.737581	234.3091	668.5271	True	AGCATCGTATTAGGCG
24x22	6025	31987	22	24	7.737581	240.26625	678.88055	True	TAACTAGTTGACTACG
26x22	6125	31987	22	26	7.737581	252.17021	678.87463	True	TTCTGGAGGAACCGGA
16x24	5625	32161	24	16	7.737581	192.64003	658.19147	True	ACATTCACACGGGCTT
18x24	5725	32161	24	18	7.737581	204.544	658.1855	True	TCCTCGAATTTCCCTA
20x24	5825	32161	24	20	7.737581	216.44797	658.17957	True	ACTCTCCGTCGCTTCG
